<?xml version="1.0" encoding="UTF-8" standalone="no"?>
<feature id="org.wso2.carbon.kernel" label="WSO2 Carbon Kernel - Kernel Feature" provider-name="%providerName" version="5.2.0.SNAPSHOT">
  <description>This feature contains the carbon core bundle and its dependents</description>
  <copyright>%copyright</copyright>
  <license url="%licenseURL">%license</license>
  <plugin id="org.wso2.carbon.core" unpack="false" version="5.2.0.SNAPSHOT"/>
  <plugin id="org.wso2.carbon.base" unpack="false" version="5.2.0.SNAPSHOT"/>
  <plugin id="snakeyaml" unpack="false" version="1.16.0.wso2v1"/>
  <require/>
</feature>
